rollNo,name
CS001,Alice Johnson
CS002,Bob Smith
CS003,Carol Williams
CS004,David Brown
CS005,Emma Davis
CS006,Frank Miller
CS007,Grace Wilson
CS008,Henry Moore
CS009,Ivy Taylor
CS010,Jack Anderson
CS011,Karen Thomas
CS012,Leo Jackson
CS013,Mia White
CS014,Noah Harris
CS015,Olivia Martin
CS016,Peter Thompson
CS017,Quinn Garcia
CS018,Rachel Martinez
CS019,Sam Robinson
CS020,Tina Clark
CS021,Uma Rodriguez
CS022,Victor Lewis
CS023,Wendy Lee
CS024,Xander Walker
CS025,Yara Hall
CS026,Zach Allen
CS027,Aisha Young
CS028,Brian Hernandez
CS029,Chloe King
CS030,Daniel Wright
CS031,Elena Lopez
CS032,Felix Hill
CS033,Gina Scott
CS034,Hugo Green
CS035,Iris Adams
